Title,Company,Location,Date Posted
Data Scientist I,Tinder,"West Hollywood, CA",2024-05-17
"Data Scientist, Decisions",Lyft,"New York, NY",2024-05-15
Data Scientist,Paramount Pictures,"Los Angeles, CA",2024-05-23
Data Scientist,Volvo Group,"Greensboro, NC",2024-05-24
Junior Data Scientist,Flexon Technologies Inc.,"Pleasanton, CA",2024-05-28
Decision Scientist,Meta,"New York, NY",2024-05-29
Data Scientist,Kovan Technology Solutions,"Texas, United States",2024-05-30
Decision Scientist,Meta,"New York, NY",2024-05-29
Data Scientist,Microsoft,"Redmond, WA",2024-05-25
"Data Scientist, Small Business Group",Meta,"Chicago, IL",2024-05-29
Data Scientist,EPSoft,"Dallas, TX",2024-05-29
"Data Scientist, Product & Programs",Genesis Therapeutics,United States,2024-04-22
Data Scientist,Sartre Group,"New York, United States",2024-05-28
"Data Scientist, Decisions - Growth Platform",Lyft,"San Francisco County, CA",2024-05-15
Expression of Interest - Data Scientist,Marlee (Fingerprint For Success),"Philadelphia, PA",2024-05-29
Jr Trading Data Scientist,TotalEnergies,"Houston, TX",2024-05-23
Data Scientist,Adobe,"San Jose, CA",2024-05-22
Data Scientist (L5) - Identity Algorithms,Netflix,"Los Gatos, CA",2024-05-25
Data Scientist,Adobe,"Seattle, WA",2024-05-22
Decision Scientist,Meta,"Burlingame, CA",2024-05-29
Data Scientist,ePayPolicy,"Austin, TX",2024-05-22
Data Scientist - All Levels,Interclypse,"Reston, VA",2024-05-23
Data Scientist (Fully Remote),INSPYR Solutions,"Downey, CA",2024-05-29
Data Scientist,Stripe,"New York, United States",2024-05-24
"Data Scientist, Marketing & Operations Analytics","Coalition, Inc.",United States,2024-05-23
Data Scientist,Zendr,"New York, NY",2024-05-29
Data Scientist,IWCO,"Chanhassen, MN",2024-05-24
Data Scientist,Visa,"Atlanta, GA",2024-05-23
Data Scientist,Modo Energy,"Austin, TX",2024-05-21
Data Scientist,Emonics LLC,"Texas, United States",2024-05-29
Data Scientist,Steneral Consulting,"St Louis, MO",2024-05-22
Data Scientist,Oracle,United States,2024-05-29
Data Scientist,ICONMA,"Addison, TX",2024-05-28
Data Scientist,The Momba Group,Des Moines Metropolitan Area,2024-05-20
Data Scientist,"BYTE Systems, LLC","McLean, VA",2024-05-29
Data Scientist (Fully Remote),INSPYR Solutions,"Downey, CA",2024-05-29
Data Scientist,Scipher Medicine,"Waltham, MA",2024-05-24
Data Scientist,Hydrogen Group,"Houston, TX",2024-05-23
Data Scientist - All Levels,Interclypse,"Annapolis Junction, MD",2024-05-23
John Snow Labs Healthcare Data Scientist,John Snow Labs,United States,2024-05-28
Data Scientist,PayPal,"Chicago, IL",2024-05-29
Machine Learning Engineer,OnLogic,"South Burlington, VT",2024-05-23
Data Scientist,CVS Health,"New York, NY",2024-05-15
Data Scientist,"Comscore, Inc.",United States,2024-05-24
Data Scientist,Robert Half,"Westwood, CA",2024-05-22
Data Scientist/AL Resource,Jobs Malaysia - Two95 HR HUB,"Princeton, NJ",2024-04-26
Data Scientist,The Sporting News,"New York, NY",2024-05-21
Data Scientist,INSPYR Solutions,"Williamson County, TX",2024-05-28
Data Scientist,Aditi Consulting,"Thousand Oaks, CA",2024-05-03
"Scientist, Data Science and Computational Biology",Nvelop Therapeutics,"Cambridge, MA",2024-05-22
Data Scientist,CVS Health,"New York, NY",2024-05-15
Data Scientist,Geopaq Logic Inc,"Dallas, TX",2024-05-24
Data Scientist,RAND,Los Angeles Metropolitan Area,2024-05-21
"Senior Data Scientist, Pricing",SoFi,United States,2024-05-29
Machine Learning Engineer,Ascendion,"Irving, TX",2024-05-28
Data Scientist,Digital Alpha Platforms,"New York, NY",2024-05-23
Machine Learning Engineer,TigerGraph,"Redwood City, CA",2024-05-23
Applied Junior Data Scientist,Middle West Services,"Leawood, KS",2024-05-23
Interdisciplinary Scientist (Data Scientist),U.S. Department of the Interior,"Lakewood, CO",2024-05-28
Pricing Data Scientist,Cinemark,"Plano, TX",2024-05-22
Data Scientist,Atrium Health,"Charlotte, NC",2024-05-30
Data Scientist - RenderWolf Ai,Unusual Ventures,United States,2024-05-20
Data Scientist,Relm Insurance,"Miami Beach, FL",2024-05-27
Machine Learning Engineer,Brunswick Corporation,"Mettawa, IL",2024-05-21
Data Scientist,SteerBridge,"San Diego, CA",2024-05-20
Data Scientist,Insight Global,"Raleigh, NC",2024-05-22
"Data Scientist, Product Analytics - Monetization",Meta,"Menlo Park, CA",2024-05-17
Machine Learning Engineer,Proof,"Denver, CO",2024-05-21
Machine Learning Engineer,Augment Jobs,"Philadelphia, PA",2024-05-02
Data Scientist,Takeda,"Boston, MA",2024-05-16
"Data Scientist, Client Analysis",Socure,United States,2024-05-15
TensorFlow/Machine Learning Engineer,INSPYR Solutions,"Orlando, FL",2024-05-29
Junior Data Scientist - Remote,SynergisticIT,"Manhattan, KS",2024-05-26
Machine Learning Engineer,Interclypse,"Annapolis Junction, MD",2024-05-22
Machine Learning Engineer,Quiddity Infotech LLC,"Tampa, FL",2024-05-23
Expression of Interest - Senior Data Scientist,Marlee (Fingerprint For Success),"San Francisco, CA",2024-05-15
Data Scientist,ATPCO,"Dulles, VA",2024-05-19
Data Scientist,UST,United States,2024-05-28
Senior Marketing Data Scientist (Remote),CivicScience,"Pittsburgh, PA",2024-05-30
"Senior Data Scientist, Mobile Data Operations",2K,"Washington, United States",2024-05-30
Data Scientist Direct Hire (12 Month Register),U.S. Department of the Treasury,"Brooklyn, NY",2024-05-15
"Data Scientist III, Product",Google,"New York, NY",2024-05-16
Machine Learning Engineer - 2024 Grad,Kensho Technologies,"Cambridge, NY",2024-05-28
Data Scientist,Mutual of Omaha Mortgage,"Irvine, CA",2024-05-23
Data Scientist,Microsoft,"San Antonio, TX",2024-05-17
Data Scientist,FinTech LLC,"Milwaukee, WI",2024-05-23
Machine Learning Engineer,Nexa AI,"Sunnyvale, CA",2024-05-23
"Data Scientist (SQL, Python, Airflow)",iO Associates - US,"Philadelphia, PA",2024-05-29
Data Scientist,KamisPro,"Alexandria, VA",2024-05-18
Data Scientist,CVS Health,"New York, NY",2024-05-15
Data Scientist (L5) - Games Discovery and Research,Netflix,"Los Gatos, CA",2024-05-25
"Data Scientist, United States - BCG X",Boston Consulting Group (BCG),San Francisco Bay Area,2024-05-28
Data Scientist,W. R. Berkley Corporation,"Chesterfield, MO",2024-05-20
"Data Scientist III, Research",Google,"San Francisco, CA",2024-05-16
Machine Learning Engineer,asobbi,United States,2024-05-24
Data Scientist,Oncor Electric Delivery,"Fort Worth, TX",2024-05-29
Data Scientist,Insight Global,"Raleigh, NC",2024-05-30
Expression of Interest - Senior Data Scientist,Marlee (Fingerprint For Success),"Los Angeles, CA",2024-05-15
Machine Learning Engineer,Searchability®,"Austin, TX",2024-05-29
Remote Data Scientist/Analyst (Entry/Junior Level),SynergisticIT,"Minneapolis–Saint Paul, WI",2024-05-24
Data Scientist,Eliassen Group,Washington DC-Baltimore Area,2024-05-22
Data Scientist,NextEra Energy Resources,"Juno Beach, FL",2024-05-22
Data Scientist,Mitchell Martin Inc.,"Houston, TX",2024-05-28
Junior Data Scientist,HireMeFast LLC,"Arizona City, AZ",2024-05-30
"Senior Data Scientist, Mobile Data Operations",2K,United States,2024-05-30
Data Scientist,FanDuel,"Jersey City, NJ",2024-05-16
Data Scientist,The Ash Group,"Kent, WA",2024-05-21
Senior Data Scientist,Fractal,"Minnesota, United States",2024-05-15
"Data Scientist, Confluence",Atlassian,"San Francisco, CA",2024-05-16
Junior Machine Learning Engineer,Patterned Learning Career,"Indianapolis, IN",2024-05-30
Data Scientist,U.S. Census Bureau,"Suitland, MD",2024-05-16
Data Scientist,Kellton,"Austin, Texas Metropolitan Area",2024-05-30
Data Scientist,Revolution Technologies,"Creve Coeur, MO",2024-05-17
Data Scientist,CVS Health,"Woonsocket, RI",2024-05-15
"Principal Data Scientist, Experimentation",Rokt,"New York, NY",2024-05-28
Machine Learning / Data Scientist,FogPharma,"Cambridge, MA",2024-05-23
AI/ML Engineer,ClearML,United States,2024-05-29
"Senior Data Scientist, Mobile Data Operations",2K,"Novato, CA",2024-05-30
Machine Learning Engineer,Valar Labs,"Palo Alto, CA",2024-05-21
Machine Learning Engineer,Insight Global,"Austin, Texas Metropolitan Area",2024-05-20
Machine Learning Engineer,Distributed Spectrum,"New York, NY",2024-05-24
Data Scientist,New York University,New York City Metropolitan Area,2024-05-21
Data Scientist,U.S. Census Bureau,"Suitland, MD",2024-05-17
Machine Learning Engineer,Insight Global,United States,2024-05-24
Data Scientist (Senior) - AI Analytics,"Infinitus Systems, Inc.","San Francisco, CA",2024-05-28
Data Scientist,ITTConnect,Atlanta Metropolitan Area,2024-05-23
Data Scientist,Tata Consultancy Services,"Eagan, MN",2024-05-25
Expression of Interest - Senior Data Scientist,Marlee (Fingerprint For Success),"Dallas, TX",2024-05-15
Software Engineer with Machine Learning And Python,Momento USA LLC,United States,2024-05-21
Machine Learning Engineer - AI Intern,Jesica.ai,"Chicago, IL",2024-05-29
Data Scientist - Medicaid/Medicare,Skill Demand,"Indianapolis, IN",2024-05-16
Machine Learning Engineer,Robert Half,United States,2024-05-30
Machine Learning Engineer,BTI360,"Herndon, VA",2024-05-28
Machine Learning Specialist,Talent Groups,"Austin, TX",2024-05-29
Machine Learning Engineer,Randstad USA,"Cleveland, OH",2024-05-28
Data Scientist,Ascendion,"Durham, NC",2024-05-08
Data Scientist III,Protingent,"Kent, WA",2024-05-29
Machine Learning Engineer,Janus Health,"Boise, ID",2024-05-17
Data Scientist.,Dartmouth College,"Hanover, NH",2024-05-20
Data Scientist,Interclypse,"Huntsville, AL",2024-05-21
Data Scientist,Harnham,United States,2024-05-18
Data Scientist Direct Hire (12 Month Register),U.S. Department of the Treasury,"San Jose, CA",2024-05-15
Data Scientist Ontologist,Rancho BioSciences,"Boston, MA",2024-05-29
"Data Scientist, United States - BCG X",Boston Consulting Group (BCG),"Philadelphia County, PA",2024-05-28
Data Scientist - Digital Platforms and Innovation,Kforce Inc,"Deerfield, IL",2024-05-20
Data Scientist II - Brand Marketing,Uber,"New York, NY",2024-05-29
Machine Learning Engineer,Stuut,"New York, NY",2024-05-24
Machine Learning Engineer,KellyMitchell Group,United States,2024-05-21
Senior Machine Learning Engineer,Brivo,"Bethesda, MD",2024-05-17
Data Scientist,Rancho BioSciences,"Boston, MA",2024-05-18
Junior Data Scientist - Remote,SynergisticIT,"Houston, TX",2024-05-15
Machine Learning Engineer,Kforce Inc,"Smithfield, RI",2024-05-27
Machine Learning Engineer,QuinStreet,United States,2024-05-29
Data Scientist (Expert PyTorch & LLMs training),Resource Logistics Inc.,"Johnston, IA",2024-05-22
Machine Learning Engineer,FinTech LLC,"Austin, TX",2024-05-29
Machine Learning Engineer,Akkodis,United States,2024-05-21
Data Scientist,Cynet Systems,"Franklin Lakes, NJ",2024-05-22
Clinical Data Scientist,iO Associates - US,"King of Prussia, PA",2024-05-24
Data Scientist - Lead,Dezign Concepts,"McLean, VA",2024-05-21
Data Scientist II,iSqFt,United States,2024-05-22
Data scientist,Colan Infotech Private Limited,"Elkhart County, IN",2024-05-20
Data Scientist with Reinforcement Learning,Intellectt Inc,"Indianapolis, IN",2024-05-15
Lead Data Scientist,SBG Funding,"New York, United States",2024-05-21
Data Scientist Direct Hire (12 Month Register),U.S. Department of the Treasury,United States,2024-05-15
"Data Scientist, Risk & Fraud",Whatnot,Los Angeles Metropolitan Area,2024-05-17
Data Scientist,Norstella,United States,2024-05-27
Senior Data Scientist - NLP,Tiger Analytics,"New York, NY",2024-04-23
Data Scientist Direct Hire (12 Month Register),U.S. Department of the Treasury,"Washington, DC",2024-05-15
"Data Scientist, United States - BCG X",Boston Consulting Group (BCG),"Washington, DC",2024-05-28
Data Scientist (Machine Learning),"Datasoft Technologies, Inc.","Greenville, SC",2024-04-25
Entry/Junior Level Data Analyst/Scientist,SynergisticIT,"Charlotte, NC",2024-05-27
Data Scientist - Entry/Junior Level,SynergisticIT,"Charleston, SC",2024-05-28
Machine Learning Engineer Intern,XPENG,"San Diego, CA",2024-05-21
"Data Scientist, United States - BCG X",Boston Consulting Group (BCG),"Austin, TX",2024-05-28
"Data Scientist III, Product",Google,"Mountain View, CA",2024-05-16
Data Scientist- Direct Hire (6 Month Roster),U.S. Department of the Treasury,"Denver, CO",2024-05-15
"Data Scientist III, Product",Google,"San Francisco, CA",2024-05-16
Machine Learning Engineer,"Yoh, A Day & Zimmermann Company","Smithfield, RI",2024-05-24
Engineer AI and Machine Learning,JetBlue,"New York, NY",2024-05-23
Machine Learning Engineer,Best High Technologies LLC (BHT),"San Jose, CA",2024-05-30
Data Scientist,LightFeather,"Alexandria, VA",2024-05-29
Data Scientist Direct Hire (12 Month Register),U.S. Department of the Treasury,"Philadelphia, PA",2024-05-15
Data Scientist,Publicis,"Detroit, MI",2024-05-15
Junior Data Scientist,MHK TECH INC,"Jersey City, NJ",2024-04-24
"Research Engineer, Science, New York",Google DeepMind,"New York, NY",2024-05-30
Machine Learning/AI Engineer,AMD,"Boxborough, MA",2024-05-29
data scientist III,Walmart,"Reston, VA",2024-05-29
"Data Scientist @ Sunnyvale, CA - 12 Months - HYBRID",CBase Inc,"Sunnyvale, CA",2024-05-24
AI Data Scientist,Air Products,"Trexlertown, PA",2024-05-20
Data Scientist Engineer,Dexian Inc,"Montgomery, AL",2024-05-26
�Machine Learning/Gen AI Engineer,Qualitative Financials,"Smithfield, RI",2024-05-26
Data Scientist,hackajob,"Durham, NC",2024-05-29
"Senior Data Scientist, Economics",Duolingo,"New York, NY",2024-05-15
Data Scientist Direct Hire (12 Month Register),U.S. Department of the Treasury,"Portland, OR",2024-05-15
Data Scientist,CVS Health,"Hartford, CT",2024-05-15
Data Scientist,Precision Solutions,"District of Columbia, United States",2024-05-29
"Data Scientist, United States - BCG X",Boston Consulting Group (BCG),"Detroit, MI",2024-05-28
Data Scientist,"FMP Consulting (Federal Management Partners, Inc.)","Arlington, VA",2024-05-24
Data Scientist Direct Hire (12 Month Register),U.S. Department of the Treasury,"Orlando, FL",2024-05-15
Senior Applied Data Scientist,dunnhumby,"Bentonville, AR",2024-05-16
Machine Learning Engineer,ExaTech Inc,"San Jose, CA",2024-05-30
Data Scientist,KellyMitchell Group,"St Louis, MO",2024-05-23
Senior Data Scientist,Optomi,"Charlotte, NC",2024-05-28
Founding Machine Learning Engineer,1st10,San Francisco Bay Area,2024-05-28
Data Scientist,FinTech LLC,"Milwaukee, WI",2024-05-28
Senior Data Scientist,Mitchell Martin Inc.,"Houston, TX",2024-05-30
Data Scientist,ISSAC LLC,"Huntsville, AL",2024-04-30
Data Scientist,Syntricate Technologies,"Bentonville, AR",2024-05-03
Data Scientist Engineer,HireMeFast LLC,"Cincinnati, OH",2024-05-30
Sr. Data Scientist /Research Scientist,"Cira Infotech, part of MGT","Tuskegee, AL",2024-05-29
Python Developer (AI/ML Experience),Deloitte,"Baltimore, MD",2024-05-30
Data Scientist,LogicPlum,"Franklin, OH",2024-04-30
Senior Data Scientist,Forsyth Barnes,"Milwaukee, WI",2024-05-30
Entry Level Data Analyst/Scientist,SynergisticIT,"Dallas, TX",2024-05-21
Machine Learning Engineer,Steneral Consulting,"Dallas, TX",2024-05-28
Data Scientist,US Army Corps of Engineers,"Indiana, United States",2024-05-22
Data Scientist Direct Hire (12 Month Register),U.S. Department of the Treasury,"Cincinnati, OH",2024-05-15
"Staff Data Scientist, Research",Google,"Seattle, WA",2024-05-23
Python Developer (AI/ML Experience),Deloitte,"Chicago, IL",2024-05-30
"Data Scientist, United States - BCG X",Boston Consulting Group (BCG),"Houston, TX",2024-05-28
Decision Scientist,CVS Health,"New York, NY",2024-05-15
Data Scientist Direct Hire (12 Month Register),U.S. Department of the Treasury,"San Antonio, TX",2024-05-15
Data Scientist.,Inspector General Office Of,"Washington, DC",2024-05-20
Machine Learning Engineer,Harrington Starr,New York City Metropolitan Area,2024-05-22
Data Scientist Direct Hire (12 Month Register),U.S. Department of the Treasury,"Ogden, UT",2024-05-15
"Senior Data Scientist, Product",Google,"New York, NY",2024-05-24
"Staff Data Scientist, Research",Google,"New York, NY",2024-05-23
US Data Scientist — ViiV,GSK,"Durham, NC",2024-05-22
Data Scientist,BambooHR,"Draper, UT",2024-05-22
Python Developer (AI/ML Experience),Deloitte,"Dallas, TX",2024-05-30
Data Scientist,INSPYR Solutions,"Williamson County, TX",2024-05-28
Data Scientist (6 Month Roster),U.S. Department of the Treasury,"Brooklyn, NY",2024-05-15
Data Scientist,Syntricate Technologies,"Dallas, TX",2024-04-24
Senior Data Scientist (Car Leasing),NAM Info Inc,United States,2024-05-29
Data Scientist/Analyst-11857-Remote,Param Solutions,"Vienna, VA",2024-04-30
Data Scientist,ICF,"Reston, VA",2024-05-20
Data - Data Scientist,"Quadrant, Inc.","Baltimore, MD",2024-05-15
Data Scientist,Booz Allen Hamilton,"Arlington, VA",2024-05-23
Artificial Intelligence Researcher,Stott and May,San Francisco Bay Area,2024-05-23
Cyber Data Scientist,State Street,"Boston, MA",2024-05-20
Commercial Data Scientist,Diaceutics PLC,"New York, United States",2024-05-30
Data Scientist,Abbott,"Alameda, CA",2024-03-19
Machine Learning Engineer [4414],Stealth Startup,United States,2024-05-27
"Data Scientist, Provider Selection Methodology",CVS Health,"New York, NY",2024-05-17
"Data Scientist, United States - BCG X",Boston Consulting Group (BCG),"Nashville, TN",2024-05-28
Machine Learning Engineer I,Technergetics,"Utica, NY",2024-05-15
"Machine Learning Engineer\/ Software Development Engineer at Austin, TX - Contract","Trilyon, Inc.","Austin, TX",2024-05-23
Data Scientist- Direct Hire (6 Month Roster),U.S. Department of the Treasury,"Salt Lake City, UT",2024-05-15
"Data Scientist, United States - BCG X",Boston Consulting Group (BCG),"Pittsburgh, PA",2024-05-28
Senior Data Scientist (Computer Vision),Morgan King Technology,"New York, United States",2024-05-20
Data Scientist - Entry/Junior,SynergisticIT,"Houghton, MI",2024-05-28
"Data Scientist, United States - BCG X",Boston Consulting Group (BCG),"Houston, TX",2024-05-28
Machine Learning (ML) Software Development Engineer,Triune Infomatics Inc,"California, United States",2024-05-26
Senior Machine Learning Engineer,Stefanini North America and APAC,"Southfield, MI",2024-05-16
Sr. Data Scientist,Adobe,"San Francisco, CA",2024-05-23
Machine Learning Engineer,Robert Half,"Las Vegas, NV",2024-05-21
Data Scientist,"Tactical Engineering and Analysis, Inc.","San Diego, CA",2024-05-22
Data Scientist- Direct Hire (6 Month Roster),U.S. Department of the Treasury,"Tacoma, WA",2024-05-15
Cyber Data Scientist,State Street,"Princeton, NJ",2024-05-20
Data Scientist- Direct Hire (6 Month Roster),U.S. Department of the Treasury,"Tacoma, WA",2024-05-15
Cyber Data Scientist,State Street,"Princeton, NJ",2024-05-20
Data Scientist- Direct Hire (6 Month Roster),U.S. Department of the Treasury,"Medford, OR",2024-05-15
Data Scientist,"NextEra Energy, Inc.","Juno Beach, FL",2024-05-22
Data Scientist- Direct Hire (6 Month Roster),U.S. Department of the Treasury,"South Portland, ME",2024-05-15
Data Scientist - Entry/Junior,SynergisticIT,"Houghton, MI",2024-05-28
Principal Data Scientist - Advanced Analytics and AI,Fractal,"Dallas, TX",2024-05-17
Data Scientist II,"Strategic Education, Inc",United States,2024-05-30
Data Scientist- Direct Hire (6 Month Roster),U.S. Department of the Treasury,"Springfield, MA",2024-05-15
Data Scientist - Visualization / Engineer,Zobility,"Dearborn, MI",2024-05-22
Commercial Data Scientist,Diaceutics PLC,"New York, United States",2024-05-30
"Data Scientist, United States - BCG X",Boston Consulting Group (BCG),"Nashville, TN",2024-05-28
"Staff Data Scientist, Product",Google,"Sunnyvale, CA",2024-05-24
Data Scientist- Direct Hire (6 Month Roster),U.S. Department of the Treasury,"Plantation, FL",2024-05-15
Cyber Data Scientist,State Street,"Boston, MA",2024-05-20
Lead Data Scientist,Builders Vision,"Chicago, IL",2024-05-24
Junior Data Scientist,Metas Solutions,"Atlanta, GA",2024-05-24
"Lead Data Scientist (Knowledge Graph, NLP, PyTorch, Keras)",iO Associates - US,"New York, NY",2024-05-21
Senior Data Scientist,"iTradeNetwork, Inc.","Charlotte, NC",2024-05-23
Software Engineer,HighByte,"Portland, ME",2024-05-30
Data Scientist,Jobot,"Washington, DC",2024-05-28
Data Scientist- Direct Hire (6 Month Roster),U.S. Department of the Treasury,"Richland, WA",2024-05-15
Data Scientist (SQL/Python/R),Syntricate Technologies,"San Bruno, CA",2024-05-02
Sr. Data Scientist,Adobe,"Seattle, WA",2024-05-23
Data Scientist- Direct Hire (6 Month Roster),U.S. Department of the Treasury,"Fort Myers, FL",2024-05-15
Data Scientist,Diverse Lynx,"San Antonio, TX",2024-05-23
Data Scientist,Kavaliro,"Reston, VA",2024-05-23
Data Scientist I,Centene Corporation,"Hollywood, FL",2024-05-29
Data Scientist- Direct Hire (6 Month Roster),U.S. Department of the Treasury,"Vancouver, WA",2024-05-15
"Senior, Data Scientist",Walmart,"Sunnyvale, CA",2024-05-22
Sr. Data Scientist,Vivint,"Lehi, UT",2024-05-21
Lead Data Scientist - Replenishment Optimization,Tiger Analytics,"Chicago, IL",2024-05-23
Data Scientist- Direct Hire (6 Month Roster),U.S. Department of the Treasury,"Overland Park, KS",2024-05-15
Data Scientist- Direct Hire (6 Month Roster),U.S. Department of the Treasury,"Las Vegas, NV",2024-05-15
"Data Scientist, United States - BCG X",Boston Consulting Group (BCG),"Bethesda, TN",2024-05-28
Data Scientist / ML Engineer - No C2C,EPMA,"Houston, TX",2024-05-29
"Machine Learning Engineer, NeRF",DigitalFish,"San Francisco, CA",2024-05-15
"Data Scientist, Product Insights",Intelliswift Software,"San Francisco, CA",2024-02-29
Experienced Data Scientist (Machine Learning and Operations Research),Procter & Gamble,"Cincinnati, OH",2024-05-19
Data Scientist,VARITE INC,"Greenville, SC",2024-02-19
Data Scientist- Direct Hire (6 Month Roster),U.S. Department of the Treasury,"Wausau, WI",2024-05-15
Sr. Data Scientist,Adobe,"San Jose, CA",2024-05-23
Data and Applied Scientist,Microsoft,"Redmond, WA",2024-05-29
"Staff Data Scientist, Product",Google,"Durham, NC",2024-05-24
Data Scientist- Direct Hire (6 Month Roster),U.S. Department of the Treasury,"Knoxville, TN",2024-05-15
Lead Data Scientist,Ehub Global Inc,"Texas, United States",2024-05-28
Data Scientist,"BYTE Systems, LLC","McLean, VA",2024-05-29
Data Scientist- Direct Hire (6 Month Roster),U.S. Department of the Treasury,"Lees Summit, MO",2024-05-15
Data Scientists - Remote / Telecommute,Cynet Systems,"Bentonville, AR",2024-05-15
Data Scientist (6 Month Roster),U.S. Department of the Treasury,"Holtsville, NY",2024-05-15
Sr. to Lead Data Scientist - Fraud Detection / Prevention,Skyrocket Ventures,San Francisco Bay Area,2024-05-20
"Analyst, Data Scientist",SitusAMC,"New York, NY",2024-05-28
Data Scientist,U.S. Department of Commerce,"Suitland, MD",2024-05-28
Sr. Data Scientist,Harnham,United States,2024-05-30
Junior Machine Learning Engineer,Patterned Learning Career,"Indianapolis, IN",2024-05-30
Senior Data Scientist,Warner Bros. Discovery,"Burbank, CA",2024-05-28
Scientific Programmer,Convergent Research,"Watertown, MA",2024-05-30
DATA SCIENTIST,Naval Supply Systems Command (NAVSUP),"Mechanicsburg, PA",2024-05-28
Data Scientist/Sr. Data Scientist,Weee!,"Fremont, CA",2024-05-16
Data Scientist,LeadStack Inc.,"West Sacramento, CA",2024-05-02
Data Scientist - Solution Specialist,Deloitte,"Dallas, TX",2024-05-22
Senior Machine Learning Engineer,Cubiq Recruitment,San Francisco Bay Area,2024-05-30
Senior ML Engineer,Intelletec,San Francisco Bay Area,2024-05-29
Head of Data Science,Better Placed Ltd - A Sunday Times Top 10 Employer in 2023!,New York City Metropolitan Area,2024-05-17
"Senior Data Scientist, Economics",Duolingo,"Pittsburgh, PA",2024-05-15
Data Scientist,Your Remote Tech Recruiter,"Fort Meade, MD",2024-05-14
Data Scientist/Engineer - Junior,SynergisticIT,"Tucson, AZ",2024-05-11
Lead Data Scientist,BARK,"New York, NY",2024-05-21
"Lead Data Scientist, ML & NLP (Healthcare Data)",McKesson,"Massachusetts, United States",2024-05-22
Data Scientist I/II,Fred Hutch,"Seattle, WA",2024-05-14
Sr. Data Scientist,Harnham,United States,2024-05-30
Data Scientist (6 Month Roster),U.S. Department of the Treasury,"Tallahassee, FL",2024-05-15
Data Scientist,Booz Allen Hamilton,"Chantilly, VA",2024-05-24
Senior Data Scientist (Geospatial/Remote Sensing),Rise Technical,"Houston, TX",2024-05-17
Data Scientist - Junior Job#479,Allen Integrated Solutions LLC,"Washington, DC",2024-05-29
Senior Data Scientist,Warner Bros. Discovery,"Burbank, CA",2024-05-28
DATA SCIENTIST,Naval Supply Systems Command (NAVSUP),"Mechanicsburg, PA",2024-05-28
Junior Python Developer,Patterned Learning Career,"Chicago, IL",2024-05-30
Data Scientist,LeadStack Inc.,"West Sacramento, CA",2024-05-02
Data Scientist,U.S. Department of Commerce,"Suitland, MD",2024-05-28
Lead Data Scientist - Ads Monetization,Source Technology,San Francisco Bay Area,2024-05-16
Software Engineer - Machine Learning Operations,Locus Robotics,"Nashua, NH",2024-05-24
Data Scientist (on-site),Cognizant,"Plano, TX",2024-05-22
Sr. Data Scientist,CVS Health,"New York, NY",2024-05-15
"Data Scientist, 3+ Years of Experience",Snap Inc.,"New York, United States",2024-05-23
Data Scientist,Midwest Employers Casualty (a Berkley Company),"Chesterfield, MO",2024-05-20
ML Engineer with LLMs (10+ Years),Centraprise,"Cupertino, CA",2024-05-30
Data Scientist - Solution Specialist,Deloitte,"Gilbert, AZ",2024-05-22
Data Scientist (Experimentation),Actalent,"Seattle, WA",2024-05-30
Data Scientist,U.S. Department of Commerce,"Suitland, MD",2024-05-28
Python Developer,INSPYR Solutions,"Houston, TX",2024-05-29
"Research Scientist, AI",Oculus VR,"Sunnyvale, CA",2024-05-29
Senior Data Scientist,myGwork - LGBTQ+ Business Community,"Burbank, CA",2024-05-30
Research and Development Scientist- Bakery,Ignite Recruitment,"Paterson, NJ",2024-05-21
Data Scientist - Retail Health Services,CVS Health,"Boston, MA",2024-05-15
Data Analyst / Data Scientist (Client facing) End to End Data,Vaco,"Raleigh, NC",2024-05-30
Junior Data Scientist/Engineer - Remote,SynergisticIT,"Newark, NJ",2024-05-28
Data Scientist,Wipro,"Tampa, FL",2024-05-20
Senior Data Scientist - Recommendations,Shipt,"San Francisco, CA",2024-05-15
Lead Data Scientist,SBG Funding,"New York, NY",2024-05-20
Data Scientist,Xcel Energy,"Minneapolis, MN",2024-05-29
Senior Machine Learning Engineer,People In AI,San Francisco Bay Area,2024-05-29
Senior Machine Learning Engineer,Quantiphi,"Marlborough, MA",2024-05-16
Expression of Interest - Senior Machine Learning Engineer,Marlee (Fingerprint For Success),"Boston, MA",2024-05-15
Python Developer,Open Systems Technologies,"Miami, FL",2024-05-29
Machine Learning Researcher,Degas,United States,2024-05-21
Data Science Engineer,Fiori Technology Solutions Inc,New York City Metropolitan Area,2024-05-20
Lead Data Scientist,Burtch Works,"Chicago, IL",2024-05-24
Data Scientist,Diverse Lynx,"Plano, TX",2024-05-22
Senior Machine Learning Engineer,Source Technology,San Francisco Bay Area,2024-05-16
"Senior Data Scientist, Food & Beverage",Square,"Oakland, CA",2024-05-16
Data Scientist - Remote / Telecommute,Cynet Systems,"Providence, RI",2024-05-28
"Senior Data Scientist, Test and Learn",Mastercard,"Arlington, VA",2024-05-24
Senior Data Scientist,ZoomInfo,"Waltham, MA",2024-05-20
Data Scientist - SME 0010IDIS - 1511,"Global InfoTek, Inc.","Pocatello, ID",2024-04-29
"Data Scientist, Analytics (Senior / Staff)",BioRender,United States,2024-05-16
"Data Scientist, Applied Meteorology (Level II-IV) - REMOTE",E Source,United States,2024-05-17
Data Scientist - Solution Specialist,Deloitte,"Dallas, TX",2024-05-22
Senior Machine Learning Engineer,Cubiq Recruitment,San Francisco Bay Area,2024-05-30
Sr. Data Scientist,NinjaHoldings,"Chicago, IL",2024-05-24
Web Analytics Data Scientist,"ROI Revolution, Inc.","Raleigh, NC",2024-05-10
Staff Machine Learning Engineer,Conviva,"Foster City, CA",2024-05-28
Artificial Intelligence Researcher,DeepRec.ai,"New York, United States",2024-05-29
Data Scientist,SAIC,"Virginia, United States",2024-05-24
"Data Scientist, Mid",Booz Allen Hamilton,"Norfolk, VA",2024-05-21
Data Scientist Level I & II,Gray Analytics,"Huntsville, AL",2024-03-01
Sr. Data Scientist,CVS Health,"Woonsocket, RI",2024-05-15
Expression of Interest - Senior Machine Learning Engineer,Marlee (Fingerprint For Success),"Chicago, IL",2024-05-13
Data Scientist with a Focus on Policy,Riverside Research,"Centreville, VA",2024-05-24
Python Developer (AI/ML Experience),Deloitte,"Atlanta, GA",2024-05-30
Data Scientist (Quantitative Researcher),Sud Recruiting,San Diego Metropolitan Area,2024-05-21
Head of Data Science,Benten Inc.,Boise Metropolitan Area,2024-05-27
Data Scientist,Diverse Lynx,"New York, NY",2024-03-20
Machine Learning Engineer,AES Indiana,"Indiana, United States",2024-05-24
Senior/Staff Data Scientist,Clair,"New York, NY",2024-05-29
Data Scientist,"AppLab Systems, Inc","Jersey City, NJ",2024-02-05
Principal Data Scientist,Tiger Analytics,"Chicago, IL",2024-03-12
Data Scientist - SME 0010ALIS - 1511,"Global InfoTek, Inc.","Huntsville, AL",2024-04-29
Decision Scientist,CVS Health,"Woonsocket, RI",2024-05-15
